{"cameraMode":{"drawMode":0,"name":"Shaded","section":"Shading Mode"},"sceneLighting":true,"audioPlay":false,"sceneViewState":{"showFog":true,"showMaterialUpdate":false,"showSkybox":true,"showFlares":true,"showImageEffects":true,"showParticleSystems":true},"in2DMode":false,"pivot":{"x":2.6616058349609377,"y":1.5411123037338257,"z":-1.4153236150741578},"rotation":{"x":-0.14694182574748994,"y":0.48682016134262087,"z":-0.08347064256668091,"w":-0.8569990992546082},"size":1.1196153163909913,"orthographic":false}